{
  "baseline": {
    "mse": 5.343321053053651,
    "r2": 0.8860992994466439,
    "predictions": [
      24.51212477850492,
      30.529125393709386,
      9.427632085011496,
      14.039535265218028,
      21.829942382488234,
      27.634204582127428,
      37.68585971697286,
      19.069340822178386,
      9.95318723668321,
      18.504237028960386,
      22.649506543062895,
      29.721082945300807,
      19.1425747900066,
      13.512402138742122,
      22.207826271796144,
      21.807426034277466,
      29.59051452067952,
      14.285545867672829,
      21.629350812745813,
      27.40532996880075,
      28.08549333657094,
      15.198662783016296,
      23.9290379708793,
      22.720413192004393,
      23.956025564720754,
      27.45229949028524,
      24.221593647590108,
      15.59618245279879,
      16.36933872503455,
      29.73433804933247,
      17.456126438961974,
      34.36529582831394,
      22.01704682341244,
      21.882700601422027,
      18.756393449512714,
      20.413322886537134,
      26.95193104804129,
      22.978659771341924,
      17.375373483792185,
      25.412856072245777,
      28.859763005004474,
      26.163275902680304,
      19.195751303452045,
      20.952179215534134,
      26.21867696651326,
      20.14655353843792,
      23.47841981151003,
      21.766576480184042,
      15.535743869746607,
      24.360920013273482,
      18.612714761209375,
      21.480025649326166,
      32.60238227550306,
      15.079109648650725,
      38.94429705465414,
      24.098295246039047,
      20.550834559149298,
      17.061532460164745,
      21.325362425274847,
      19.493840562438013,
      16.329218400666743,
      28.66679559394529,
      14.418651342018396,
      24.90917033116361,
      21.00405113736536,
      20.003558202112565,
      18.147510193162717,
      34.08708557801455,
      13.18672440073846,
      46.42150300264061,
      16.82829489560447,
      9.144986572759603,
      16.18312151485644,
      21.298767576531695,
      43.248537010683094,
      15.99295461943002,
      22.721962458730133,
      31.148573353317623,
      18.431236893658053,
      19.84745255248294,
      32.590140642900124,
      27.74298117536271,
      20.74243157305237,
      14.351496985784614,
      18.172955188390233,
      16.420380645503975,
      23.798553402866386,
      15.185257431413618,
      22.173288360294897,
      17.49106121903561,
      26.589690808925248
    ]
  },
  "improved": {
    "mse": 4.77802020482337,
    "r2": 0.898149513535883,
    "predictions": [
      23.188217163085938,
      30.342239379882812,
      11.643048286437988,
      12.213729858398438,
      18.306283950805664,
      26.319499969482422,
      37.95392608642578,
      19.107097625732422,
      11.553264617919922,
      18.15789031982422,
      21.560930252075195,
      25.782062530517578,
      17.10271453857422,
      11.307705879211426,
      21.006790161132812,
      20.048259735107422,
      25.184961318969727,
      19.35820770263672,
      21.385183334350586,
      26.22021484375,
      26.92504119873047,
      16.356792449951172,
      21.781524658203125,
      20.923431396484375,
      22.829273223876953,
      24.7972412109375,
      23.407630920410156,
      15.120330810546875,
      19.443267822265625,
      29.679996490478516,
      15.953133583068848,
      33.400123596191406,
      22.424144744873047,
      21.44955825805664,
      18.725526809692383,
      19.69380760192871,
      25.535844802856445,
      21.812705993652344,
      17.645790100097656,
      22.474472045898438,
      28.375350952148438,
      23.812881469726562,
      18.258501052856445,
      21.380821228027344,
      22.38806915283203,
      20.295299530029297,
      22.745819091796875,
      21.673534393310547,
      13.159268379211426,
      21.704605102539062,
      18.750770568847656,
      21.347213745117188,
      32.16856384277344,
      13.043954849243164,
      36.545494079589844,
      23.011112213134766,
      20.46420669555664,
      15.649127006530762,
      21.57979965209961,
      21.613229751586914,
      18.9804630279541,
      25.72044563293457,
      13.631438255310059,
      23.595298767089844,
      21.4987735748291,
      19.006168365478516,
      16.10087776184082,
      32.657989501953125,
      10.779740333557129,
      43.2618408203125,
      14.990986824035645,
      11.4390287399292,
      17.624412536621094,
      23.477487564086914,
      39.14722442626953,
      13.639684677124023,
      20.601423263549805,
      31.432586669921875,
      20.702411651611328,
      20.884931564331055,
      32.39094161987305,
      24.9955997467041,
      21.181459426879883,
      14.909697532653809,
      20.04196548461914,
      14.815414428710938,
      23.17819595336914,
      12.35811996459961,
      21.326480865478516,
      18.691110610961914,
      22.640392303466797
    ],
    "training_history": {
      "loss": [
        582.747802734375,
        550.9489135742188,
        508.6896057128906,
        470.06439208984375,
        419.6949462890625,
        356.342529296875,
        290.5867004394531,
        213.84536743164062,
        160.42489624023438,
        119.38360595703125,
        105.1265869140625,
        78.9298324584961,
        71.99388885498047,
        58.531593322753906,
        48.21796417236328,
        51.541717529296875,
        42.35247039794922,
        46.78861618041992,
        53.816864013671875,
        55.536773681640625,
        44.13705062866211,
        42.82426071166992,
        47.10624694824219,
        46.959754943847656,
        50.20066452026367,
        39.8936882019043,
        42.43949508666992,
        35.76581954956055,
        42.60689926147461,
        45.35441207885742,
        38.1959228515625,
        38.35926818847656,
        37.724761962890625,
        44.9149169921875,
        40.02122497558594,
        32.20661163330078,
        40.889949798583984,
        34.91896057128906,
        40.90964889526367,
        33.894813537597656,
        33.402122497558594,
        33.753753662109375,
        40.81145477294922,
        35.43472671508789,
        44.52192687988281,
        41.49823760986328,
        40.465980529785156,
        40.56081771850586,
        35.190555572509766,
        32.554649353027344,
        32.31612777709961,
        36.0191535949707,
        37.655513763427734,
        40.03904724121094,
        30.932025909423828,
        36.47487258911133,
        35.718318939208984,
        30.78971290588379,
        31.37464714050293,
        38.32664108276367
      ],